{
  "mean_total": 33.777,
  "sd_total": 11.591517200090763,
  "median_total": 35.0,
  "min_total": 0.0,
  "max_total": 70.0,
  "key_numbers": {
    "41": 0.016,
    "42": 0.134,
    "43": 0.0,
    "44": 0.001,
    "45": 0.034,
    "46": 0.0,
    "47": 0.001
  },
  "loss": 1269.4764089882005,
  "passed": false
}