{
  "train_r2_home": 0.13190928898523357,
  "train_r2_away": 0.21596504657150462,
  "train_r2_total": 0.09758811580120097,
  "test_mae_home": 7.9859241865893065,
  "test_mae_away": 6.441055292998004,
  "test_mae_total": 9.590098639461816
}