season,week,bets,roi,cum_bets,cum_roi
2025,1,21,0.09085714285714287,21,0.09085714285714287
2025,2,28,0.2953928571428572,49,0.20773469387755106
2025,3,21,0.18176190476190476,70,0.19994285714285717
2025,4,24,0.11358333333333336,94,0.17789361702127662
2025,5,23,-0.0039999999999999845,117,0.14213675213675217
2025,6,24,-0.045499999999999985,141,0.11019858156028371
2025,7,23,0.24500000000000002,164,0.1291036585365854
2025,8,23,0.41100000000000003,187,0.16377540106951874
