week,game,bet_type,bet_side,line,edge,stake,result,profit,actual_margin,actual_total,predicted_margin,predicted_total,confidence
8,MIN@LAC,spread,home,-3.0,4.125513240981388,65.0,WIN,59.085,27,47,1.1255132409813884,48.11826818104713,0.65
8,MIN@LAC,total,over,44.5,3.618268181047128,65.0,WIN,59.085,27,47,1.1255132409813884,48.11826818104713,0.65
8,BUF@CAR,spread,away,7.5,4.04934463882273,65.0,WIN,59.085,-31,49,3.4506553611772697,50.41488595494727,0.65
8,BUF@CAR,total,over,47.5,2.914885954947273,65.0,WIN,59.085,-31,49,3.4506553611772697,50.41488595494727,0.65
